create database MLP152a;

-- using the Database
use MLP152a;

CREATE TABLE VENDOR
(V_ID int,
V_NAME VARCHAR(20) NOT NULL,
V_USERNAME VARCHAR(20) NOT NULL,
V_PASSWORD VARCHAR(20) NOT NULL,
V_CONTACT int NOT NULL,
V_EMAIL VARCHAR(30) NOT NULL,
V_ADDRESS VARCHAR(50) NOT NULL,
CONSTRAINT VENDOR_ID_PK PRIMARY KEY(V_ID)
);

CREATE TABLE EMPLOYEE (
E_ID int ,
E_NAME VARCHAR(20) NOT NULL,
E_USERNAME VARCHAR(20) NOT NULL,
E_PASSWORD VARCHAR(20) NOT NULL,
E_WALLET_BALANCE NUMERIC(20) NOT NULL,
E_EMAIL VARCHAR(30) NOT NULL,
E_ADDRESS VARCHAR(50) NOT NULL,
E_CONTACT int(30) NOT NULL,
CONSTRAINT EMPLOYEE_ID_PK PRIMARY KEY (E_ID)
);


CREATE TABLE MENU(
F_ID int,
F_NAME VARCHAR(30) NOT NULL,
F_PRICE int NOT NULL,
V_ID int,
CONSTRAINT MENU_ID_PK PRIMARY KEY(F_ID),
CONSTRAINT MENU_ID_FK FOREIGN KEY(V_ID) REFERENCES VENDOR(V_ID));

CREATE TABLE ORDERS(
O_ID int,
F_ID int,
E_ID int,
V_ID int,
O_STATUS ENUM('PROCESSING','DELIVERED','NOT DELIVERED') NOT NULL,
O_DATE VARCHAR(60) NOT NULL ,
O_QUANTITY VARCHAR(60) NOT NULL,
O_TOTAL_AMOUNT VARCHAR(60) NOT NULL,
O_ESTIMATED_TIME VARCHAR(60) NOT NULL,
O_CANCEL_TIME VARCHAR(60) NOT NULL,
CONSTRAINT ORDER_ID_PK PRIMARY KEY(O_ID),
CONSTRAINT ORDER_FID_FK FOREIGN KEY(F_ID) REFERENCES MENU(F_ID),
CONSTRAINT ORDER_EID_FK FOREIGN KEY(E_ID) REFERENCES EMPLOYEE(E_ID),
CONSTRAINT ORDER_VID_FK FOREIGN KEY(V_ID) REFERENCES VENDOR(V_ID)
);
-- change the database to your team id
use MLP152a;


INSERT INTO VENDOR VALUES
(1001,' EVERBAKE','everbake','everbake@123','0442','everbake01@gmail.com','Hexaraunt'),
(1002,'ANNAPORNA','bala','bala@123','0444','bala02@gmail.com','Hexadine'),
(1003,'GREEN LEAF','peter','peter@123','0444','peter03@gmail.com','Hexadine');

INSERT INTO EMPLOYEE VALUES
(47501,'SUSMITHA','susmitha','susmitha@123',1000,'susmitha@hexaware.com','Serisuri',95006),
(47454,'BHAGYASHREE','bhagyashree','bhagyashree@123',1000,'bhagya@hexaware.com','Navallur',916757),
(47453,'PRIYANKUR','priyankur','priyankur@123',1000,'priyankur@hexaware.com','Sowcarpet',96771),
(47471,'ARCHANA','archana','archana@123',1000,'archana@hexaware.com','Tambaram',9840623);

insert into MENU values
(101,'SAMOSA',10,1001),
(102,'PAVI BHAJI',20,1001),
(103,'CHOLE BHATURE',35,1001),
(104,'BHEL PURI',20,1001),
(105,'PANI PURI',25,1001),
( 201,'DOSA',35,1003),
(202,'IDLI',35,1003),
(203,'CURD RICE',35,1003),
(204,'MEALS',50,1003),
(205,'VEG BIRYANI',40,1003),
(301,'CHICKEN BIRYANI',60,1002),
(302,'MUTTON BIRYANI',80,1002),
(303,'CHICKEN 65',50,1002),
(304,'MUTTON TIKKA',60,1002),
(305,'PRAWN MASALA',70,1002);



